{"lr": 5.3960792158431683e-05, "data_time": 0.08402678489685059, "loss": 3.813382761478424, "loss_rpn_cls": 0.6918656241893768, "loss_rpn_bbox": 0.18192472029477358, "s0.loss_cls": 1.589528465270996, "s0.acc": 91.796875, "s0.loss_bbox": 0.09550364781171083, "s1.loss_cls": 0.7458635607361793, "s1.acc": 93.1640625, "s1.loss_bbox": 0.025280176415108144, "s2.loss_cls": 0.4802748766541481, "s2.acc": 93.65234375, "s2.loss_bbox": 0.0031417151730238403, "time": 0.7879405450820923, "epoch": 1, "iter": 50, "memory": 16349, "step": 50}
