{"lr": 5.3960792158431683e-05, "data_time": 0.08438059329986572, "loss": 2.6263804984092713, "loss_rpn_cls": 0.6918158578872681, "loss_rpn_bbox": 0.24311897352337838, "loss_cls": 1.5827669322490692, "acc": 75.0, "loss_bbox": 0.10867872757837177, "time": 0.754477276802063, "epoch": 1, "iter": 50, "memory": 16030, "step": 50}
