{"lr": 5.3960792158431683e-05, "data_time": 0.08329137802124023, "loss": 3.6209467840194702, "loss_rpn_cls": 0.6940266764163971, "loss_rpn_bbox": 0.2047731974720955, "s0.loss_cls": 1.2811521220207214, "s0.acc": 85.3515625, "s0.loss_bbox": 0.08701619585976005, "s1.loss_cls": 0.772863706946373, "s1.acc": 89.94140625, "s1.loss_bbox": 0.019993345416150988, "s2.loss_cls": 0.5585022559762001, "s2.acc": 91.50390625, "s2.loss_bbox": 0.0026192205564439064, "time": 0.5598503780364991, "epoch": 1, "iter": 50, "memory": 11049, "step": 50}
