{"lr": 5.3960792158431683e-05, "data_time": 0.08694097518920899, "loss": 3.1592543685436247, "loss_rpn_cls": 0.6951301193237305, "loss_rpn_bbox": 0.08540436217095702, "s0.loss_cls": 1.2371414132416247, "s0.acc": 99.70703125, "s0.loss_bbox": 0.014516192080577639, "s1.loss_cls": 0.7148107109963894, "s1.acc": 99.70703125, "s1.loss_bbox": 0.004403267247786858, "s2.loss_cls": 0.40739360004663466, "s2.acc": 99.8046875, "s2.loss_bbox": 0.00045468844911169984, "time": 0.8272835493087769, "epoch": 1, "iter": 50, "memory": 14477, "step": 50}
