{"lr": 5.3960792158431683e-05, "data_time": 0.0838675594329834, "loss": 2.691492004394531, "loss_rpn_cls": 0.693735830783844, "loss_rpn_bbox": 0.2513522186875343, "loss_cls": 1.6462791275978088, "acc": 90.72265625, "loss_bbox": 0.10012479999801144, "time": 0.5123062705993653, "epoch": 1, "iter": 50, "memory": 11208, "step": 50}
