{"lr": 5.3960792158431683e-05, "data_time": 0.08414158344268799, "loss": 3.308063356876373, "loss_rpn_cls": 0.686290842294693, "loss_rpn_bbox": 0.0702801817029831, "s0.loss_cls": 1.3077663506567478, "s0.acc": 98.53515625, "s0.loss_bbox": 0.023825004256973443, "s1.loss_cls": 0.7122153516113758, "s1.acc": 98.53515625, "s1.loss_bbox": 0.00632568015931156, "s2.loss_cls": 0.5004724010825157, "s2.acc": 98.53515625, "s2.loss_bbox": 0.0008875576078679615, "time": 0.6824069643020629, "epoch": 1, "iter": 50, "memory": 12693, "step": 50}
