{"lr": 5.3960792158431683e-05, "data_time": 0.08589545249938965, "loss": 3.01430935382843, "loss_rpn_cls": 0.6880995273590088, "loss_rpn_bbox": 0.07156021321658045, "s0.loss_cls": 1.047488021850586, "s0.acc": 84.86328125, "s0.loss_bbox": 0.016995139313692106, "s1.loss_cls": 0.7508162009716034, "s1.acc": 85.25390625, "s1.loss_bbox": 0.004761085168634054, "s2.loss_cls": 0.4340802365541458, "s2.acc": 85.25390625, "s2.loss_bbox": 0.0005088992952005356, "time": 0.8138485860824585, "epoch": 1, "iter": 50, "memory": 12880, "step": 50}
